"","Estimate","Std..Error","z.value","Pr...z.."
"(Intercept)",1.14792026333866,0.187815280515831,6.1119641606685,9.84122883020162e-10
"Age",-0.0113095598516415,0.00420607843820002,-2.68886089924689,0.00716962881324273
"(Intercept)1",1.09025474942529,0.204436349768954,5.33297894751813,9.66145164755993e-08
"Age1",0.0209309834813574,0.00627641098659219,3.3348650249435,0.000853408117164292
"(Intercept)2",-2.60519037176602,0.363117834849984,-7.17450403625124,7.25697815151991e-13
"Age2",-0.0227624444791766,0.0124977767159659,-1.82131950317992,0.0685583034547957
"(Intercept)3",-2.42100767925979,0.266173706504451,-9.09559291582135,9.40717698938952e-20
"Age3",0.0266981721483975,0.00518079792864216,5.15329347257418,2.55950932438389e-07
