"","Estimate","Std..Error","z.value","Pr...z.."
"(Intercept)",1.14792026333866,0.187815280515831,6.1119641606685,9.84122883020157e-10
"Age",-0.0113095598516415,0.00420607843820002,-2.6888608992469,0.00716962881324264
"(Intercept)1",1.09025474942528,0.204436349768954,5.33297894751812,9.66145164756035e-08
"Age1",0.0209309834813575,0.00627641098659222,3.3348650249435,0.000853408117164286
"(Intercept)2",-2.60519037176602,0.363117834849985,-7.17450403625122,7.25697815152123e-13
"Age2",-0.0227624444791767,0.0124977767159659,-1.82131950317992,0.068558303454796
"(Intercept)3",-2.42100767925979,0.266173706504451,-9.09559291582134,9.40717698939028e-20
"Age3",0.0266981721483974,0.00518079792864216,5.15329347257417,2.55950932438399e-07
