"","Estimate","Std. Error","t value","Pr(>|t|)"
"(Intercept)",20.5333333333333,4.4812792587754,4.58202494145488,7.37879843225511e-06
"clusterGroup 2",3.72367601246108,4.78508916801451,0.778183202384535,0.437221182999341
