"","Estimate","Std..Error","t.value","Pr...t.."
"(Intercept)",0.778554068448198,0.030006313419626,25.9463419434583,1.38438000916091e-50
"ages",-0.00530970752217682,0.000885702372557064,-5.99491170701897,2.27650946143967e-08
