"","Estimate","Std..Error","t.value","Pr...t.."
"(Intercept)",0.739308972842304,0.0323624221241905,22.8446736775515,1.47885041469186e-44
"ages",-0.00193578141083613,0.000852296861518087,-2.27125253915422,0.0249922435213084
