"","Estimate","Std..Error","t.value","Pr...t.."
"(Intercept)",0.786517052973108,0.0337740678627454,23.2876020788919,9.56292754666161e-46
"ages",-0.00350592271273575,0.00102126516886819,-3.43292106654452,0.000826395850533209
