"","Age_group","stat","p"
"X-squared","1-4 years vs adults",18.6565972487517,1.56504793878871e-05
"X-squared1","5-17 years vs adults",68.8641201957969,1.05486618464194e-16
